<?xml version="1.0"?>
<filter name="Test">
	<system>amiga500</system>
	<system>amiga1200</system>
	<system>amigacd32</system>
	<text>AK</text>
	<genre>ACTION</genre>
	<players>1</players>
	<pubDev>ABERSOFT</pubDev>
	<ratings>2 STARS</ratings>
	<ratings>5 STARS</ratings>
	<year>2012</year>
	<year>2017</year>
	<favorites>FALSE</favorites>
	<kidGame>FALSE</kidGame>
	<played>FALSE</played>
	<lang>FR</lang>
	<region>EU</region>
	<cheevos>FALSE</cheevos>
	<cheevos>TRUE</cheevos>
	<vertical>FALSE</vertical>
	<lightgun>TRUE</lightgun>
	<wheel>TRUE</wheel>
	<hasMedia>boxback</hasMedia>
	<hasMedia>image</hasMedia>
	<missingMedia>fanart</missingMedia>
	<missingMedia>mix</missingMedia>
</filter>
