<?xml version="1.0" encoding="UTF-8"?>
<systemList>  
  <system>
    <name>mame</name>
    <fullname>MAME</fullname>
    <manufacturer>Arcade</manufacturer>
    <release/>
    <hardware>arcade</hardware>
    <path>~\..\roms\mame</path>
    <extension>.zip .7z</extension>
    <command>"%HOME%\emulatorLauncher.exe" -gameinfo %GAMEINFOXML% %CONTROLLERSCONFIG% -system %SYSTEM% -emulator %EMULATOR% -core %CORE% -rom %ROM%</command>
    <emulators>
      <emulator name="libretro">
        <cores>
          <core>mame</core>
        </cores>
      </emulator>
    </emulators>
    <platform>arcade</platform>
    <theme>mame</theme>
  </system>
</systemList>